id;class_name;name;params;crawler_id
1;com.digitalpebble.stormcrawler.parse.filter.XPathFilter;XPathFilter;"{""canonical"":""//*[@rel=\""canonical\""]/@href"",""parse.description"":[""//*[@name=\""description\""]/@content"",""//*[@name=\""Description\""]/@content""],""parse.title"":[""//TITLE"",""//META[@name=\""title\""]/@content""],""parse.keywords"":""//META[@name=\""keywords\""]/@content""}";1
2;com.digitalpebble.stormcrawler.filtering.basic.BasicURLFilter;BasicURLFilter;"{""maxPathRepetition"": 3,""maxLength"": 1024}";1
3;com.digitalpebble.stormcrawler.filtering.depth.MaxDepthFilter;MaxDepthFilter;"{""maxDepth"": -1}";1
4;com.digitalpebble.stormcrawler.filtering.basic.BasicURLNormalizer;BasicURLNormalizer;"{""removeAnchorPart"": true,""unmangleQueryString"": false,""checkValidURI"": true}";1
5;com.digitalpebble.stormcrawler.filtering.host.HostURLFilter;HostURLFilter;"{""ignoreOutsideHost"": true,""ignoreOutsideDomain"": false}";1
6;com.digitalpebble.stormcrawler.filtering.regex.RegexURLFilter;RegexURLFilter;"{""urlFilters"": [""# very time-consuming : use BasicURLFilter instead"",""# -.*(/[^/]+)/[^/]+\\1/[^/]+\\1/"",""# accept anything else# +.""]}";1
7;com.digitalpebble.stormcrawler.filtering.regex.FastURLFilter;FastURLFilter;"[{""scope"": ""GLOBAL"",""patterns"": [""DenyPathQuery \\.jpg""]},{""scope"": ""domain:stormcrawler.net"",""patterns"": [""AllowPath /digitalpebble/"",""DenyPath .+""]},{""scope"": ""metadata:key=value"",""patterns"": [""DenyPath .+""]}]";1
8;com.digitalpebble.stormcrawler.parse.filter.XPathFilter;XPathFilter;"{""canonical"":""//*[@rel=\""canonical\""]/@href"",""parse.description"":[""//*[@name=\""description\""]/@content"",""//*[@name=\""Description\""]/@content""],""parse.title"":[""//TITLE"",""//META[@name=\""title\""]/@content""],""parse.keywords"":""//META[@name=\""keywords\""]/@content""}";2
9;com.digitalpebble.stormcrawler.filtering.basic.BasicURLFilter;BasicURLFilter;"{""maxPathRepetition"": 3,""maxLength"": 1024}";2
10;com.digitalpebble.stormcrawler.filtering.depth.MaxDepthFilter;MaxDepthFilter;"{""maxDepth"": -1}";2
11;com.digitalpebble.stormcrawler.filtering.basic.BasicURLNormalizer;BasicURLNormalizer;"{""removeAnchorPart"": true,""unmangleQueryString"": false,""checkValidURI"": true}";2
12;com.digitalpebble.stormcrawler.filtering.host.HostURLFilter;HostURLFilter;"{""ignoreOutsideHost"": true,""ignoreOutsideDomain"": false}";2
13;com.digitalpebble.stormcrawler.filtering.regex.RegexURLFilter;RegexURLFilter;"{""urlFilters"": [""# very time-consuming : use BasicURLFilter instead"",""# -.*(/[^/]+)/[^/]+\\1/[^/]+\\1/"",""# accept anything else# +.""]}";2
14;com.digitalpebble.stormcrawler.filtering.regex.FastURLFilter;FastURLFilter;"[{""scope"": ""GLOBAL"",""patterns"": [""DenyPathQuery \\.jpg""]},{""scope"": ""domain:stormcrawler.net"",""patterns"": [""AllowPath /digitalpebble/"",""DenyPath .+""]},{""scope"": ""metadata:key=value"",""patterns"": [""DenyPath .+""]}]";2
15;com.digitalpebble.stormcrawler.parse.filter.XPathFilter;XPathFilter;"{""canonical"":""//*[@rel=\""canonical\""]/@href"",""parse.description"":[""//*[@name=\""description\""]/@content"",""//*[@name=\""Description\""]/@content""],""parse.title"":[""//TITLE"",""//META[@name=\""title\""]/@content""],""parse.keywords"":""//META[@name=\""keywords\""]/@content""}";3
16;com.digitalpebble.stormcrawler.filtering.basic.BasicURLFilter;BasicURLFilter;"{""maxPathRepetition"": 3,""maxLength"": 1024}";3
17;com.digitalpebble.stormcrawler.filtering.depth.MaxDepthFilter;MaxDepthFilter;"{""maxDepth"": -1}";3
18;com.digitalpebble.stormcrawler.filtering.basic.BasicURLNormalizer;BasicURLNormalizer;"{""removeAnchorPart"": true,""unmangleQueryString"": false,""checkValidURI"": true}";3
19;com.digitalpebble.stormcrawler.filtering.host.HostURLFilter;HostURLFilter;"{""ignoreOutsideHost"": true,""ignoreOutsideDomain"": false}";3
20;com.digitalpebble.stormcrawler.filtering.regex.RegexURLFilter;RegexURLFilter;"{""urlFilters"": [""# very time-consuming : use BasicURLFilter instead"",""# -.*(/[^/]+)/[^/]+\\1/[^/]+\\1/"",""# accept anything else# +.""]}";3
21;com.digitalpebble.stormcrawler.filtering.regex.FastURLFilter;FastURLFilter;"[{""scope"": ""GLOBAL"",""patterns"": [""DenyPathQuery \\.jpg""]},{""scope"": ""domain:stormcrawler.net"",""patterns"": [""AllowPath /digitalpebble/"",""DenyPath .+""]},{""scope"": ""metadata:key=value"",""patterns"": [""DenyPath .+""]}]";3
22;com.digitalpebble.stormcrawler.parse.filter.XPathFilter;XPathFilter;"{""canonical"":""//*[@rel=\""canonical\""]/@href"",""parse.description"":[""//*[@name=\""description\""]/@content"",""//*[@name=\""Description\""]/@content""],""parse.title"":[""//TITLE"",""//META[@name=\""title\""]/@content""],""parse.keywords"":""//META[@name=\""keywords\""]/@content""}";4
23;com.digitalpebble.stormcrawler.filtering.basic.BasicURLFilter;BasicURLFilter;"{""maxPathRepetition"": 3,""maxLength"": 1024}";4
24;com.digitalpebble.stormcrawler.filtering.depth.MaxDepthFilter;MaxDepthFilter;"{""maxDepth"": -1}";4
25;com.digitalpebble.stormcrawler.filtering.basic.BasicURLNormalizer;BasicURLNormalizer;"{""removeAnchorPart"": true,""unmangleQueryString"": false,""checkValidURI"": true}";4
26;com.digitalpebble.stormcrawler.filtering.host.HostURLFilter;HostURLFilter;"{""ignoreOutsideHost"": true,""ignoreOutsideDomain"": false}";4
27;com.digitalpebble.stormcrawler.filtering.regex.RegexURLFilter;RegexURLFilter;"{""urlFilters"": [""# very time-consuming : use BasicURLFilter instead"",""# -.*(/[^/]+)/[^/]+\\1/[^/]+\\1/"",""# accept anything else# +.""]}";4
28;com.digitalpebble.stormcrawler.filtering.regex.FastURLFilter;FastURLFilter;"[{""scope"": ""GLOBAL"",""patterns"": [""DenyPathQuery \\.jpg""]},{""scope"": ""domain:stormcrawler.net"",""patterns"": [""AllowPath /digitalpebble/"",""DenyPath .+""]},{""scope"": ""metadata:key=value"",""patterns"": [""DenyPath .+""]}]";4
29;com.digitalpebble.stormcrawler.parse.filter.XPathFilter;XPathFilter;"{""canonical"":""//*[@rel=\""canonical\""]/@href"",""parse.description"":[""//*[@name=\""description\""]/@content"",""//*[@name=\""Description\""]/@content""],""parse.title"":[""//TITLE"",""//META[@name=\""title\""]/@content""],""parse.keywords"":""//META[@name=\""keywords\""]/@content""}";5
30;com.digitalpebble.stormcrawler.filtering.basic.BasicURLFilter;BasicURLFilter;"{""maxPathRepetition"": 3,""maxLength"": 1024}";5
31;com.digitalpebble.stormcrawler.filtering.depth.MaxDepthFilter;MaxDepthFilter;"{""maxDepth"": -1}";5
32;com.digitalpebble.stormcrawler.filtering.basic.BasicURLNormalizer;BasicURLNormalizer;"{""removeAnchorPart"": true,""unmangleQueryString"": false,""checkValidURI"": true}";5
33;com.digitalpebble.stormcrawler.filtering.host.HostURLFilter;HostURLFilter;"{""ignoreOutsideHost"": true,""ignoreOutsideDomain"": false}";5
34;com.digitalpebble.stormcrawler.filtering.regex.RegexURLFilter;RegexURLFilter;"{""urlFilters"": [""# very time-consuming : use BasicURLFilter instead"",""# -.*(/[^/]+)/[^/]+\\1/[^/]+\\1/"",""# accept anything else# +.""]}";5
35;com.digitalpebble.stormcrawler.filtering.regex.FastURLFilter;FastURLFilter;"[{""scope"": ""GLOBAL"",""patterns"": [""DenyPathQuery \\.jpg""]},{""scope"": ""domain:stormcrawler.net"",""patterns"": [""AllowPath /digitalpebble/"",""DenyPath .+""]},{""scope"": ""metadata:key=value"",""patterns"": [""DenyPath .+""]}]";5
36;com.digitalpebble.stormcrawler.parse.filter.XPathFilter;XPathFilter;"{""canonical"":""//*[@rel=\""canonical\""]/@href"",""parse.description"":[""//*[@name=\""description\""]/@content"",""//*[@name=\""Description\""]/@content""],""parse.title"":[""//TITLE"",""//META[@name=\""title\""]/@content""],""parse.keywords"":""//META[@name=\""keywords\""]/@content""}";6
37;com.digitalpebble.stormcrawler.filtering.basic.BasicURLFilter;BasicURLFilter;"{""maxPathRepetition"": 3,""maxLength"": 1024}";6
38;com.digitalpebble.stormcrawler.filtering.depth.MaxDepthFilter;MaxDepthFilter;"{""maxDepth"": -1}";6
39;com.digitalpebble.stormcrawler.filtering.basic.BasicURLNormalizer;BasicURLNormalizer;"{""removeAnchorPart"": true,""unmangleQueryString"": false,""checkValidURI"": true}";6
40;com.digitalpebble.stormcrawler.filtering.host.HostURLFilter;HostURLFilter;"{""ignoreOutsideHost"": true,""ignoreOutsideDomain"": false}";6
41;com.digitalpebble.stormcrawler.filtering.regex.RegexURLFilter;RegexURLFilter;"{""urlFilters"": [""# very time-consuming : use BasicURLFilter instead"",""# -.*(/[^/]+)/[^/]+\\1/[^/]+\\1/"",""# accept anything else# +.""]}";6
42;com.digitalpebble.stormcrawler.filtering.regex.FastURLFilter;FastURLFilter;"[{""scope"": ""GLOBAL"",""patterns"": [""DenyPathQuery \\.jpg""]},{""scope"": ""domain:stormcrawler.net"",""patterns"": [""AllowPath /digitalpebble/"",""DenyPath .+""]},{""scope"": ""metadata:key=value"",""patterns"": [""DenyPath .+""]}]";6
43;com.digitalpebble.stormcrawler.parse.filter.XPathFilter;XPathFilter;"{""canonical"":""//*[@rel=\""canonical\""]/@href"",""parse.description"":[""//*[@name=\""description\""]/@content"",""//*[@name=\""Description\""]/@content""],""parse.title"":[""//TITLE"",""//META[@name=\""title\""]/@content""],""parse.keywords"":""//META[@name=\""keywords\""]/@content""}";7
44;com.digitalpebble.stormcrawler.filtering.basic.BasicURLFilter;BasicURLFilter;"{""maxPathRepetition"": 3,""maxLength"": 1024}";7
45;com.digitalpebble.stormcrawler.filtering.depth.MaxDepthFilter;MaxDepthFilter;"{""maxDepth"": -1}";7
46;com.digitalpebble.stormcrawler.filtering.basic.BasicURLNormalizer;BasicURLNormalizer;"{""removeAnchorPart"": true,""unmangleQueryString"": false,""checkValidURI"": true}";7
47;com.digitalpebble.stormcrawler.filtering.host.HostURLFilter;HostURLFilter;"{""ignoreOutsideHost"": true,""ignoreOutsideDomain"": false}";7
48;com.digitalpebble.stormcrawler.filtering.regex.RegexURLFilter;RegexURLFilter;"{""urlFilters"": [""# very time-consuming : use BasicURLFilter instead"",""# -.*(/[^/]+)/[^/]+\\1/[^/]+\\1/"",""# accept anything else# +.""]}";7
49;com.digitalpebble.stormcrawler.filtering.regex.FastURLFilter;FastURLFilter;"[{""scope"": ""GLOBAL"",""patterns"": [""DenyPathQuery \\.jpg""]},{""scope"": ""domain:stormcrawler.net"",""patterns"": [""AllowPath /digitalpebble/"",""DenyPath .+""]},{""scope"": ""metadata:key=value"",""patterns"": [""DenyPath .+""]}]";7
50;com.digitalpebble.stormcrawler.parse.filter.XPathFilter;XPathFilter;"{""canonical"":""//*[@rel=\""canonical\""]/@href"",""parse.description"":[""//*[@name=\""description\""]/@content"",""//*[@name=\""Description\""]/@content""],""parse.title"":[""//TITLE"",""//META[@name=\""title\""]/@content""],""parse.keywords"":""//META[@name=\""keywords\""]/@content""}";8
51;com.digitalpebble.stormcrawler.filtering.basic.BasicURLFilter;BasicURLFilter;"{""maxPathRepetition"": 3,""maxLength"": 1024}";8
52;com.digitalpebble.stormcrawler.filtering.depth.MaxDepthFilter;MaxDepthFilter;"{""maxDepth"": -1}";8
53;com.digitalpebble.stormcrawler.filtering.basic.BasicURLNormalizer;BasicURLNormalizer;"{""removeAnchorPart"": true,""unmangleQueryString"": false,""checkValidURI"": true}";8
54;com.digitalpebble.stormcrawler.filtering.host.HostURLFilter;HostURLFilter;"{""ignoreOutsideHost"": true,""ignoreOutsideDomain"": false}";8
55;com.digitalpebble.stormcrawler.filtering.regex.RegexURLFilter;RegexURLFilter;"{""urlFilters"": [""# very time-consuming : use BasicURLFilter instead"",""# -.*(/[^/]+)/[^/]+\\1/[^/]+\\1/"",""# accept anything else# +.""]}";8
56;com.digitalpebble.stormcrawler.filtering.regex.FastURLFilter;FastURLFilter;"[{""scope"": ""GLOBAL"",""patterns"": [""DenyPathQuery \\.jpg""]},{""scope"": ""domain:stormcrawler.net"",""patterns"": [""AllowPath /digitalpebble/"",""DenyPath .+""]},{""scope"": ""metadata:key=value"",""patterns"": [""DenyPath .+""]}]";8
57;com.digitalpebble.stormcrawler.parse.filter.XPathFilter;XPathFilter;"{""canonical"":""//*[@rel=\""canonical\""]/@href"",""parse.description"":[""//*[@name=\""description\""]/@content"",""//*[@name=\""Description\""]/@content""],""parse.title"":[""//TITLE"",""//META[@name=\""title\""]/@content""],""parse.keywords"":""//META[@name=\""keywords\""]/@content""}";9
58;com.digitalpebble.stormcrawler.filtering.basic.BasicURLFilter;BasicURLFilter;"{""maxPathRepetition"": 3,""maxLength"": 1024}";9
59;com.digitalpebble.stormcrawler.filtering.depth.MaxDepthFilter;MaxDepthFilter;"{""maxDepth"": -1}";9
60;com.digitalpebble.stormcrawler.filtering.basic.BasicURLNormalizer;BasicURLNormalizer;"{""removeAnchorPart"": true,""unmangleQueryString"": false,""checkValidURI"": true}";9
61;com.digitalpebble.stormcrawler.filtering.host.HostURLFilter;HostURLFilter;"{""ignoreOutsideHost"": true,""ignoreOutsideDomain"": false}";9
62;com.digitalpebble.stormcrawler.filtering.regex.RegexURLFilter;RegexURLFilter;"{""urlFilters"": [""# very time-consuming : use BasicURLFilter instead"",""# -.*(/[^/]+)/[^/]+\\1/[^/]+\\1/"",""# accept anything else# +.""]}";9
63;com.digitalpebble.stormcrawler.filtering.regex.FastURLFilter;FastURLFilter;"[{""scope"": ""GLOBAL"",""patterns"": [""DenyPathQuery \\.jpg""]},{""scope"": ""domain:stormcrawler.net"",""patterns"": [""AllowPath /digitalpebble/"",""DenyPath .+""]},{""scope"": ""metadata:key=value"",""patterns"": [""DenyPath .+""]}]";9
64;com.digitalpebble.stormcrawler.parse.filter.XPathFilter;XPathFilter;"{""canonical"":""//*[@rel=\""canonical\""]/@href"",""parse.description"":[""//*[@name=\""description\""]/@content"",""//*[@name=\""Description\""]/@content""],""parse.title"":[""//TITLE"",""//META[@name=\""title\""]/@content""],""parse.keywords"":""//META[@name=\""keywords\""]/@content""}";10
65;com.digitalpebble.stormcrawler.filtering.basic.BasicURLFilter;BasicURLFilter;"{""maxPathRepetition"": 3,""maxLength"": 1024}";10
66;com.digitalpebble.stormcrawler.filtering.depth.MaxDepthFilter;MaxDepthFilter;"{""maxDepth"": -1}";10
67;com.digitalpebble.stormcrawler.filtering.basic.BasicURLNormalizer;BasicURLNormalizer;"{""removeAnchorPart"": true,""unmangleQueryString"": false,""checkValidURI"": true}";10
68;com.digitalpebble.stormcrawler.filtering.host.HostURLFilter;HostURLFilter;"{""ignoreOutsideHost"": true,""ignoreOutsideDomain"": false}";10
69;com.digitalpebble.stormcrawler.filtering.regex.RegexURLFilter;RegexURLFilter;"{""urlFilters"": [""# very time-consuming : use BasicURLFilter instead"",""# -.*(/[^/]+)/[^/]+\\1/[^/]+\\1/"",""# accept anything else# +.""]}";10
70;com.digitalpebble.stormcrawler.filtering.regex.FastURLFilter;FastURLFilter;"[{""scope"": ""GLOBAL"",""patterns"": [""DenyPathQuery \\.jpg""]},{""scope"": ""domain:stormcrawler.net"",""patterns"": [""AllowPath /digitalpebble/"",""DenyPath .+""]},{""scope"": ""metadata:key=value"",""patterns"": [""DenyPath .+""]}]";10
71;com.digitalpebble.stormcrawler.parse.filter.XPathFilter;XPathFilter;"{""canonical"":""//*[@rel=\""canonical\""]/@href"",""parse.description"":[""//*[@name=\""description\""]/@content"",""//*[@name=\""Description\""]/@content""],""parse.title"":[""//TITLE"",""//META[@name=\""title\""]/@content""],""parse.keywords"":""//META[@name=\""keywords\""]/@content""}";11
72;com.digitalpebble.stormcrawler.filtering.basic.BasicURLFilter;BasicURLFilter;"{""maxPathRepetition"": 3,""maxLength"": 1024}";11
73;com.digitalpebble.stormcrawler.filtering.depth.MaxDepthFilter;MaxDepthFilter;"{""maxDepth"": -1}";11
74;com.digitalpebble.stormcrawler.filtering.basic.BasicURLNormalizer;BasicURLNormalizer;"{""removeAnchorPart"": true,""unmangleQueryString"": false,""checkValidURI"": true}";11
75;com.digitalpebble.stormcrawler.filtering.host.HostURLFilter;HostURLFilter;"{""ignoreOutsideHost"": true,""ignoreOutsideDomain"": false}";11
76;com.digitalpebble.stormcrawler.filtering.regex.RegexURLFilter;RegexURLFilter;"{""urlFilters"": [""# very time-consuming : use BasicURLFilter instead"",""# -.*(/[^/]+)/[^/]+\\1/[^/]+\\1/"",""# accept anything else# +.""]}";11
77;com.digitalpebble.stormcrawler.filtering.regex.FastURLFilter;FastURLFilter;"[{""scope"": ""GLOBAL"",""patterns"": [""DenyPathQuery \\.jpg""]},{""scope"": ""domain:stormcrawler.net"",""patterns"": [""AllowPath /digitalpebble/"",""DenyPath .+""]},{""scope"": ""metadata:key=value"",""patterns"": [""DenyPath .+""]}]";11
78;com.digitalpebble.stormcrawler.parse.filter.XPathFilter;XPathFilter;"{""canonical"":""//*[@rel=\""canonical\""]/@href"",""parse.description"":[""//*[@name=\""description\""]/@content"",""//*[@name=\""Description\""]/@content""],""parse.title"":[""//TITLE"",""//META[@name=\""title\""]/@content""],""parse.keywords"":""//META[@name=\""keywords\""]/@content""}";12
79;com.digitalpebble.stormcrawler.filtering.basic.BasicURLFilter;BasicURLFilter;"{""maxPathRepetition"": 3,""maxLength"": 1024}";12
80;com.digitalpebble.stormcrawler.filtering.depth.MaxDepthFilter;MaxDepthFilter;"{""maxDepth"": -1}";12
81;com.digitalpebble.stormcrawler.filtering.basic.BasicURLNormalizer;BasicURLNormalizer;"{""removeAnchorPart"": true,""unmangleQueryString"": false,""checkValidURI"": true}";12
82;com.digitalpebble.stormcrawler.filtering.host.HostURLFilter;HostURLFilter;"{""ignoreOutsideHost"": true,""ignoreOutsideDomain"": false}";12
83;com.digitalpebble.stormcrawler.filtering.regex.RegexURLFilter;RegexURLFilter;"{""urlFilters"": [""# very time-consuming : use BasicURLFilter instead"",""# -.*(/[^/]+)/[^/]+\\1/[^/]+\\1/"",""# accept anything else# +.""]}";12
84;com.digitalpebble.stormcrawler.filtering.regex.FastURLFilter;FastURLFilter;"[{""scope"": ""GLOBAL"",""patterns"": [""DenyPathQuery \\.jpg""]},{""scope"": ""domain:stormcrawler.net"",""patterns"": [""AllowPath /digitalpebble/"",""DenyPath .+""]},{""scope"": ""metadata:key=value"",""patterns"": [""DenyPath .+""]}]";12
85;com.digitalpebble.stormcrawler.parse.filter.XPathFilter;XPathFilter;"{""canonical"":""//*[@rel=\""canonical\""]/@href"",""parse.description"":[""//*[@name=\""description\""]/@content"",""//*[@name=\""Description\""]/@content""],""parse.title"":[""//TITLE"",""//META[@name=\""title\""]/@content""],""parse.keywords"":""//META[@name=\""keywords\""]/@content""}";13
86;com.digitalpebble.stormcrawler.filtering.basic.BasicURLFilter;BasicURLFilter;"{""maxPathRepetition"": 3,""maxLength"": 1024}";13
87;com.digitalpebble.stormcrawler.filtering.depth.MaxDepthFilter;MaxDepthFilter;"{""maxDepth"": -1}";13
88;com.digitalpebble.stormcrawler.filtering.basic.BasicURLNormalizer;BasicURLNormalizer;"{""removeAnchorPart"": true,""unmangleQueryString"": false,""checkValidURI"": true}";13
89;com.digitalpebble.stormcrawler.filtering.host.HostURLFilter;HostURLFilter;"{""ignoreOutsideHost"": true,""ignoreOutsideDomain"": false}";13
90;com.digitalpebble.stormcrawler.filtering.regex.RegexURLFilter;RegexURLFilter;"{""urlFilters"": [""# very time-consuming : use BasicURLFilter instead"",""# -.*(/[^/]+)/[^/]+\\1/[^/]+\\1/"",""# accept anything else# +.""]}";13
91;com.digitalpebble.stormcrawler.filtering.regex.FastURLFilter;FastURLFilter;"[{""scope"": ""GLOBAL"",""patterns"": [""DenyPathQuery \\.jpg""]},{""scope"": ""domain:stormcrawler.net"",""patterns"": [""AllowPath /digitalpebble/"",""DenyPath .+""]},{""scope"": ""metadata:key=value"",""patterns"": [""DenyPath .+""]}]";13
92;com.digitalpebble.stormcrawler.parse.filter.XPathFilter;XPathFilter;"{""canonical"":""//*[@rel=\""canonical\""]/@href"",""parse.description"":[""//*[@name=\""description\""]/@content"",""//*[@name=\""Description\""]/@content""],""parse.title"":[""//TITLE"",""//META[@name=\""title\""]/@content""],""parse.keywords"":""//META[@name=\""keywords\""]/@content""}";14
93;com.digitalpebble.stormcrawler.filtering.basic.BasicURLFilter;BasicURLFilter;"{""maxPathRepetition"": 3,""maxLength"": 1024}";14
94;com.digitalpebble.stormcrawler.filtering.depth.MaxDepthFilter;MaxDepthFilter;"{""maxDepth"": -1}";14
95;com.digitalpebble.stormcrawler.filtering.basic.BasicURLNormalizer;BasicURLNormalizer;"{""removeAnchorPart"": true,""unmangleQueryString"": false,""checkValidURI"": true}";14
96;com.digitalpebble.stormcrawler.filtering.host.HostURLFilter;HostURLFilter;"{""ignoreOutsideHost"": true,""ignoreOutsideDomain"": false}";14
97;com.digitalpebble.stormcrawler.filtering.regex.RegexURLFilter;RegexURLFilter;"{""urlFilters"": [""# very time-consuming : use BasicURLFilter instead"",""# -.*(/[^/]+)/[^/]+\\1/[^/]+\\1/"",""# accept anything else# +.""]}";14
98;com.digitalpebble.stormcrawler.filtering.regex.FastURLFilter;FastURLFilter;"[{""scope"": ""GLOBAL"",""patterns"": [""DenyPathQuery \\.jpg""]},{""scope"": ""domain:stormcrawler.net"",""patterns"": [""AllowPath /digitalpebble/"",""DenyPath .+""]},{""scope"": ""metadata:key=value"",""patterns"": [""DenyPath .+""]}]";14
99;com.digitalpebble.stormcrawler.parse.filter.XPathFilter;XPathFilter;"{""canonical"":""//*[@rel=\""canonical\""]/@href"",""parse.description"":[""//*[@name=\""description\""]/@content"",""//*[@name=\""Description\""]/@content""],""parse.title"":[""//TITLE"",""//META[@name=\""title\""]/@content""],""parse.keywords"":""//META[@name=\""keywords\""]/@content""}";15
100;com.digitalpebble.stormcrawler.filtering.basic.BasicURLFilter;BasicURLFilter;"{""maxPathRepetition"": 3,""maxLength"": 1024}";15
101;com.digitalpebble.stormcrawler.filtering.depth.MaxDepthFilter;MaxDepthFilter;"{""maxDepth"": -1}";15
102;com.digitalpebble.stormcrawler.filtering.basic.BasicURLNormalizer;BasicURLNormalizer;"{""removeAnchorPart"": true,""unmangleQueryString"": false,""checkValidURI"": true}";15
103;com.digitalpebble.stormcrawler.filtering.host.HostURLFilter;HostURLFilter;"{""ignoreOutsideHost"": true,""ignoreOutsideDomain"": false}";15
104;com.digitalpebble.stormcrawler.filtering.regex.RegexURLFilter;RegexURLFilter;"{""urlFilters"": [""# very time-consuming : use BasicURLFilter instead"",""# -.*(/[^/]+)/[^/]+\\1/[^/]+\\1/"",""# accept anything else# +.""]}";15
105;com.digitalpebble.stormcrawler.filtering.regex.FastURLFilter;FastURLFilter;"[{""scope"": ""GLOBAL"",""patterns"": [""DenyPathQuery \\.jpg""]},{""scope"": ""domain:stormcrawler.net"",""patterns"": [""AllowPath /digitalpebble/"",""DenyPath .+""]},{""scope"": ""metadata:key=value"",""patterns"": [""DenyPath .+""]}]";15
106;com.digitalpebble.stormcrawler.parse.filter.XPathFilter;XPathFilter;"{""canonical"":""//*[@rel=\""canonical\""]/@href"",""parse.description"":[""//*[@name=\""description\""]/@content"",""//*[@name=\""Description\""]/@content""],""parse.title"":[""//TITLE"",""//META[@name=\""title\""]/@content""],""parse.keywords"":""//META[@name=\""keywords\""]/@content""}";16
107;com.digitalpebble.stormcrawler.filtering.basic.BasicURLFilter;BasicURLFilter;"{""maxPathRepetition"": 3,""maxLength"": 1024}";16
108;com.digitalpebble.stormcrawler.filtering.depth.MaxDepthFilter;MaxDepthFilter;"{""maxDepth"": -1}";16
109;com.digitalpebble.stormcrawler.filtering.basic.BasicURLNormalizer;BasicURLNormalizer;"{""removeAnchorPart"": true,""unmangleQueryString"": false,""checkValidURI"": true}";16
110;com.digitalpebble.stormcrawler.filtering.host.HostURLFilter;HostURLFilter;"{""ignoreOutsideHost"": true,""ignoreOutsideDomain"": false}";16
111;com.digitalpebble.stormcrawler.filtering.regex.RegexURLFilter;RegexURLFilter;"{""urlFilters"": [""# very time-consuming : use BasicURLFilter instead"",""# -.*(/[^/]+)/[^/]+\\1/[^/]+\\1/"",""# accept anything else# +.""]}";16
112;com.digitalpebble.stormcrawler.filtering.regex.FastURLFilter;FastURLFilter;"[{""scope"": ""GLOBAL"",""patterns"": [""DenyPathQuery \\.jpg""]},{""scope"": ""domain:stormcrawler.net"",""patterns"": [""AllowPath /digitalpebble/"",""DenyPath .+""]},{""scope"": ""metadata:key=value"",""patterns"": [""DenyPath .+""]}]";16
113;com.digitalpebble.stormcrawler.parse.filter.XPathFilter;XPathFilter;"{""canonical"":""//*[@rel=\""canonical\""]/@href"",""parse.description"":[""//*[@name=\""description\""]/@content"",""//*[@name=\""Description\""]/@content""],""parse.title"":[""//TITLE"",""//META[@name=\""title\""]/@content""],""parse.keywords"":""//META[@name=\""keywords\""]/@content""}";17
114;com.digitalpebble.stormcrawler.filtering.basic.BasicURLFilter;BasicURLFilter;"{""maxPathRepetition"": 3,""maxLength"": 1024}";17
115;com.digitalpebble.stormcrawler.filtering.depth.MaxDepthFilter;MaxDepthFilter;"{""maxDepth"": -1}";17
116;com.digitalpebble.stormcrawler.filtering.basic.BasicURLNormalizer;BasicURLNormalizer;"{""removeAnchorPart"": true,""unmangleQueryString"": false,""checkValidURI"": true}";17
117;com.digitalpebble.stormcrawler.filtering.host.HostURLFilter;HostURLFilter;"{""ignoreOutsideHost"": true,""ignoreOutsideDomain"": false}";17
118;com.digitalpebble.stormcrawler.filtering.regex.RegexURLFilter;RegexURLFilter;"{""urlFilters"": [""# very time-consuming : use BasicURLFilter instead"",""# -.*(/[^/]+)/[^/]+\\1/[^/]+\\1/"",""# accept anything else# +.""]}";17
119;com.digitalpebble.stormcrawler.filtering.regex.FastURLFilter;FastURLFilter;"[{""scope"": ""GLOBAL"",""patterns"": [""DenyPathQuery \\.jpg""]},{""scope"": ""domain:stormcrawler.net"",""patterns"": [""AllowPath /digitalpebble/"",""DenyPath .+""]},{""scope"": ""metadata:key=value"",""patterns"": [""DenyPath .+""]}]";17
120;com.digitalpebble.stormcrawler.parse.filter.XPathFilter;XPathFilter;"{""canonical"":""//*[@rel=\""canonical\""]/@href"",""parse.description"":[""//*[@name=\""description\""]/@content"",""//*[@name=\""Description\""]/@content""],""parse.title"":[""//TITLE"",""//META[@name=\""title\""]/@content""],""parse.keywords"":""//META[@name=\""keywords\""]/@content""}";18
121;com.digitalpebble.stormcrawler.filtering.basic.BasicURLFilter;BasicURLFilter;"{""maxPathRepetition"": 3,""maxLength"": 1024}";18
122;com.digitalpebble.stormcrawler.filtering.depth.MaxDepthFilter;MaxDepthFilter;"{""maxDepth"": -1}";18
123;com.digitalpebble.stormcrawler.filtering.basic.BasicURLNormalizer;BasicURLNormalizer;"{""removeAnchorPart"": true,""unmangleQueryString"": false,""checkValidURI"": true}";18
124;com.digitalpebble.stormcrawler.filtering.host.HostURLFilter;HostURLFilter;"{""ignoreOutsideHost"": true,""ignoreOutsideDomain"": false}";18
125;com.digitalpebble.stormcrawler.filtering.regex.RegexURLFilter;RegexURLFilter;"{""urlFilters"": [""# very time-consuming : use BasicURLFilter instead"",""# -.*(/[^/]+)/[^/]+\\1/[^/]+\\1/"",""# accept anything else# +.""]}";18
126;com.digitalpebble.stormcrawler.filtering.regex.FastURLFilter;FastURLFilter;"[{""scope"": ""GLOBAL"",""patterns"": [""DenyPathQuery \\.jpg""]},{""scope"": ""domain:stormcrawler.net"",""patterns"": [""AllowPath /digitalpebble/"",""DenyPath .+""]},{""scope"": ""metadata:key=value"",""patterns"": [""DenyPath .+""]}]";18
127;com.digitalpebble.stormcrawler.parse.filter.XPathFilter;XPathFilter;"{""canonical"":""//*[@rel=\""canonical\""]/@href"",""parse.description"":[""//*[@name=\""description\""]/@content"",""//*[@name=\""Description\""]/@content""],""parse.title"":[""//TITLE"",""//META[@name=\""title\""]/@content""],""parse.keywords"":""//META[@name=\""keywords\""]/@content""}";19
128;com.digitalpebble.stormcrawler.filtering.basic.BasicURLFilter;BasicURLFilter;"{""maxPathRepetition"": 3,""maxLength"": 1024}";19
129;com.digitalpebble.stormcrawler.filtering.depth.MaxDepthFilter;MaxDepthFilter;"{""maxDepth"": -1}";19
130;com.digitalpebble.stormcrawler.filtering.basic.BasicURLNormalizer;BasicURLNormalizer;"{""removeAnchorPart"": true,""unmangleQueryString"": false,""checkValidURI"": true}";19
131;com.digitalpebble.stormcrawler.filtering.host.HostURLFilter;HostURLFilter;"{""ignoreOutsideHost"": true,""ignoreOutsideDomain"": false}";19
132;com.digitalpebble.stormcrawler.filtering.regex.RegexURLFilter;RegexURLFilter;"{""urlFilters"": [""# very time-consuming : use BasicURLFilter instead"",""# -.*(/[^/]+)/[^/]+\\1/[^/]+\\1/"",""# accept anything else# +.""]}";19
133;com.digitalpebble.stormcrawler.filtering.regex.FastURLFilter;FastURLFilter;"[{""scope"": ""GLOBAL"",""patterns"": [""DenyPathQuery \\.jpg""]},{""scope"": ""domain:stormcrawler.net"",""patterns"": [""AllowPath /digitalpebble/"",""DenyPath .+""]},{""scope"": ""metadata:key=value"",""patterns"": [""DenyPath .+""]}]";19
134;com.digitalpebble.stormcrawler.parse.filter.XPathFilter;XPathFilter;"{""canonical"":""//*[@rel=\""canonical\""]/@href"",""parse.description"":[""//*[@name=\""description\""]/@content"",""//*[@name=\""Description\""]/@content""],""parse.title"":[""//TITLE"",""//META[@name=\""title\""]/@content""],""parse.keywords"":""//META[@name=\""keywords\""]/@content""}";20
135;com.digitalpebble.stormcrawler.filtering.basic.BasicURLFilter;BasicURLFilter;"{""maxPathRepetition"": 3,""maxLength"": 1024}";20
136;com.digitalpebble.stormcrawler.filtering.depth.MaxDepthFilter;MaxDepthFilter;"{""maxDepth"": -1}";20
137;com.digitalpebble.stormcrawler.filtering.basic.BasicURLNormalizer;BasicURLNormalizer;"{""removeAnchorPart"": true,""unmangleQueryString"": false,""checkValidURI"": true}";20
138;com.digitalpebble.stormcrawler.filtering.host.HostURLFilter;HostURLFilter;"{""ignoreOutsideHost"": true,""ignoreOutsideDomain"": false}";20
139;com.digitalpebble.stormcrawler.filtering.regex.RegexURLFilter;RegexURLFilter;"{""urlFilters"": [""# very time-consuming : use BasicURLFilter instead"",""# -.*(/[^/]+)/[^/]+\\1/[^/]+\\1/"",""# accept anything else# +.""]}";20
140;com.digitalpebble.stormcrawler.filtering.regex.FastURLFilter;FastURLFilter;"[{""scope"": ""GLOBAL"",""patterns"": [""DenyPathQuery \\.jpg""]},{""scope"": ""domain:stormcrawler.net"",""patterns"": [""AllowPath /digitalpebble/"",""DenyPath .+""]},{""scope"": ""metadata:key=value"",""patterns"": [""DenyPath .+""]}]";20
141;com.digitalpebble.stormcrawler.parse.filter.XPathFilter;XPathFilter;"{""canonical"":""//*[@rel=\""canonical\""]/@href"",""parse.description"":[""//*[@name=\""description\""]/@content"",""//*[@name=\""Description\""]/@content""],""parse.title"":[""//TITLE"",""//META[@name=\""title\""]/@content""],""parse.keywords"":""//META[@name=\""keywords\""]/@content""}";21
142;com.digitalpebble.stormcrawler.filtering.basic.BasicURLFilter;BasicURLFilter;"{""maxPathRepetition"": 3,""maxLength"": 1024}";21
143;com.digitalpebble.stormcrawler.filtering.depth.MaxDepthFilter;MaxDepthFilter;"{""maxDepth"": -1}";21
144;com.digitalpebble.stormcrawler.filtering.basic.BasicURLNormalizer;BasicURLNormalizer;"{""removeAnchorPart"": true,""unmangleQueryString"": false,""checkValidURI"": true}";21
145;com.digitalpebble.stormcrawler.filtering.host.HostURLFilter;HostURLFilter;"{""ignoreOutsideHost"": true,""ignoreOutsideDomain"": false}";21
146;com.digitalpebble.stormcrawler.filtering.regex.RegexURLFilter;RegexURLFilter;"{""urlFilters"": [""# very time-consuming : use BasicURLFilter instead"",""# -.*(/[^/]+)/[^/]+\\1/[^/]+\\1/"",""# accept anything else# +.""]}";21
147;com.digitalpebble.stormcrawler.filtering.regex.FastURLFilter;FastURLFilter;"[{""scope"": ""GLOBAL"",""patterns"": [""DenyPathQuery \\.jpg""]},{""scope"": ""domain:stormcrawler.net"",""patterns"": [""AllowPath /digitalpebble/"",""DenyPath .+""]},{""scope"": ""metadata:key=value"",""patterns"": [""DenyPath .+""]}]";21
148;com.digitalpebble.stormcrawler.parse.filter.XPathFilter;XPathFilter;"{""canonical"":""//*[@rel=\""canonical\""]/@href"",""parse.description"":[""//*[@name=\""description\""]/@content"",""//*[@name=\""Description\""]/@content""],""parse.title"":[""//TITLE"",""//META[@name=\""title\""]/@content""],""parse.keywords"":""//META[@name=\""keywords\""]/@content""}";22
149;com.digitalpebble.stormcrawler.filtering.basic.BasicURLFilter;BasicURLFilter;"{""maxPathRepetition"": 3,""maxLength"": 1024}";22
150;com.digitalpebble.stormcrawler.filtering.depth.MaxDepthFilter;MaxDepthFilter;"{""maxDepth"": -1}";22
151;com.digitalpebble.stormcrawler.filtering.basic.BasicURLNormalizer;BasicURLNormalizer;"{""removeAnchorPart"": true,""unmangleQueryString"": false,""checkValidURI"": true}";22
152;com.digitalpebble.stormcrawler.filtering.host.HostURLFilter;HostURLFilter;"{""ignoreOutsideHost"": true,""ignoreOutsideDomain"": false}";22
153;com.digitalpebble.stormcrawler.filtering.regex.RegexURLFilter;RegexURLFilter;"{""urlFilters"": [""# very time-consuming : use BasicURLFilter instead"",""# -.*(/[^/]+)/[^/]+\\1/[^/]+\\1/"",""# accept anything else# +.""]}";22
154;com.digitalpebble.stormcrawler.filtering.regex.FastURLFilter;FastURLFilter;"[{""scope"": ""GLOBAL"",""patterns"": [""DenyPathQuery \\.jpg""]},{""scope"": ""domain:stormcrawler.net"",""patterns"": [""AllowPath /digitalpebble/"",""DenyPath .+""]},{""scope"": ""metadata:key=value"",""patterns"": [""DenyPath .+""]}]";22
155;com.digitalpebble.stormcrawler.parse.filter.XPathFilter;XPathFilter;"{""canonical"":""//*[@rel=\""canonical\""]/@href"",""parse.description"":[""//*[@name=\""description\""]/@content"",""//*[@name=\""Description\""]/@content""],""parse.title"":[""//TITLE"",""//META[@name=\""title\""]/@content""],""parse.keywords"":""//META[@name=\""keywords\""]/@content""}";23
156;com.digitalpebble.stormcrawler.filtering.basic.BasicURLFilter;BasicURLFilter;"{""maxPathRepetition"": 3,""maxLength"": 1024}";23
157;com.digitalpebble.stormcrawler.filtering.depth.MaxDepthFilter;MaxDepthFilter;"{""maxDepth"": -1}";23
158;com.digitalpebble.stormcrawler.filtering.basic.BasicURLNormalizer;BasicURLNormalizer;"{""removeAnchorPart"": true,""unmangleQueryString"": false,""checkValidURI"": true}";23
159;com.digitalpebble.stormcrawler.filtering.host.HostURLFilter;HostURLFilter;"{""ignoreOutsideHost"": true,""ignoreOutsideDomain"": false}";23
160;com.digitalpebble.stormcrawler.filtering.regex.RegexURLFilter;RegexURLFilter;"{""urlFilters"": [""# very time-consuming : use BasicURLFilter instead"",""# -.*(/[^/]+)/[^/]+\\1/[^/]+\\1/"",""# accept anything else# +.""]}";23
161;com.digitalpebble.stormcrawler.filtering.regex.FastURLFilter;FastURLFilter;"[{""scope"": ""GLOBAL"",""patterns"": [""DenyPathQuery \\.jpg""]},{""scope"": ""domain:stormcrawler.net"",""patterns"": [""AllowPath /digitalpebble/"",""DenyPath .+""]},{""scope"": ""metadata:key=value"",""patterns"": [""DenyPath .+""]}]";23
162;com.digitalpebble.stormcrawler.parse.filter.XPathFilter;XPathFilter;"{""canonical"":""//*[@rel=\""canonical\""]/@href"",""parse.description"":[""//*[@name=\""description\""]/@content"",""//*[@name=\""Description\""]/@content""],""parse.title"":[""//TITLE"",""//META[@name=\""title\""]/@content""],""parse.keywords"":""//META[@name=\""keywords\""]/@content""}";24
163;com.digitalpebble.stormcrawler.filtering.basic.BasicURLFilter;BasicURLFilter;"{""maxPathRepetition"": 3,""maxLength"": 1024}";24
164;com.digitalpebble.stormcrawler.filtering.depth.MaxDepthFilter;MaxDepthFilter;"{""maxDepth"": -1}";24
165;com.digitalpebble.stormcrawler.filtering.basic.BasicURLNormalizer;BasicURLNormalizer;"{""removeAnchorPart"": true,""unmangleQueryString"": false,""checkValidURI"": true}";24
166;com.digitalpebble.stormcrawler.filtering.host.HostURLFilter;HostURLFilter;"{""ignoreOutsideHost"": true,""ignoreOutsideDomain"": false}";24
167;com.digitalpebble.stormcrawler.filtering.regex.RegexURLFilter;RegexURLFilter;"{""urlFilters"": [""# very time-consuming : use BasicURLFilter instead"",""# -.*(/[^/]+)/[^/]+\\1/[^/]+\\1/"",""# accept anything else# +.""]}";24
168;com.digitalpebble.stormcrawler.filtering.regex.FastURLFilter;FastURLFilter;"[{""scope"": ""GLOBAL"",""patterns"": [""DenyPathQuery \\.jpg""]},{""scope"": ""domain:stormcrawler.net"",""patterns"": [""AllowPath /digitalpebble/"",""DenyPath .+""]},{""scope"": ""metadata:key=value"",""patterns"": [""DenyPath .+""]}]";24
169;com.digitalpebble.stormcrawler.parse.filter.XPathFilter;XPathFilter;"{""canonical"":""//*[@rel=\""canonical\""]/@href"",""parse.description"":[""//*[@name=\""description\""]/@content"",""//*[@name=\""Description\""]/@content""],""parse.title"":[""//TITLE"",""//META[@name=\""title\""]/@content""],""parse.keywords"":""//META[@name=\""keywords\""]/@content""}";25
170;com.digitalpebble.stormcrawler.filtering.basic.BasicURLFilter;BasicURLFilter;"{""maxPathRepetition"": 3,""maxLength"": 1024}";25
171;com.digitalpebble.stormcrawler.filtering.depth.MaxDepthFilter;MaxDepthFilter;"{""maxDepth"": -1}";25
172;com.digitalpebble.stormcrawler.filtering.basic.BasicURLNormalizer;BasicURLNormalizer;"{""removeAnchorPart"": true,""unmangleQueryString"": false,""checkValidURI"": true}";25
173;com.digitalpebble.stormcrawler.filtering.host.HostURLFilter;HostURLFilter;"{""ignoreOutsideHost"": true,""ignoreOutsideDomain"": false}";25
174;com.digitalpebble.stormcrawler.filtering.regex.RegexURLFilter;RegexURLFilter;"{""urlFilters"": [""# very time-consuming : use BasicURLFilter instead"",""# -.*(/[^/]+)/[^/]+\\1/[^/]+\\1/"",""# accept anything else# +.""]}";25
175;com.digitalpebble.stormcrawler.filtering.regex.FastURLFilter;FastURLFilter;"[{""scope"": ""GLOBAL"",""patterns"": [""DenyPathQuery \\.jpg""]},{""scope"": ""domain:stormcrawler.net"",""patterns"": [""AllowPath /digitalpebble/"",""DenyPath .+""]},{""scope"": ""metadata:key=value"",""patterns"": [""DenyPath .+""]}]";25
176;com.digitalpebble.stormcrawler.parse.filter.XPathFilter;XPathFilter;"{""canonical"":""//*[@rel=\""canonical\""]/@href"",""parse.description"":[""//*[@name=\""description\""]/@content"",""//*[@name=\""Description\""]/@content""],""parse.title"":[""//TITLE"",""//META[@name=\""title\""]/@content""],""parse.keywords"":""//META[@name=\""keywords\""]/@content""}";26
177;com.digitalpebble.stormcrawler.filtering.basic.BasicURLFilter;BasicURLFilter;"{""maxPathRepetition"": 3,""maxLength"": 1024}";26
178;com.digitalpebble.stormcrawler.filtering.depth.MaxDepthFilter;MaxDepthFilter;"{""maxDepth"": -1}";26
179;com.digitalpebble.stormcrawler.filtering.basic.BasicURLNormalizer;BasicURLNormalizer;"{""removeAnchorPart"": true,""unmangleQueryString"": false,""checkValidURI"": true}";26
180;com.digitalpebble.stormcrawler.filtering.host.HostURLFilter;HostURLFilter;"{""ignoreOutsideHost"": true,""ignoreOutsideDomain"": false}";26
181;com.digitalpebble.stormcrawler.filtering.regex.RegexURLFilter;RegexURLFilter;"{""urlFilters"": [""# very time-consuming : use BasicURLFilter instead"",""# -.*(/[^/]+)/[^/]+\\1/[^/]+\\1/"",""# accept anything else# +.""]}";26
182;com.digitalpebble.stormcrawler.filtering.regex.FastURLFilter;FastURLFilter;"[{""scope"": ""GLOBAL"",""patterns"": [""DenyPathQuery \\.jpg""]},{""scope"": ""domain:stormcrawler.net"",""patterns"": [""AllowPath /digitalpebble/"",""DenyPath .+""]},{""scope"": ""metadata:key=value"",""patterns"": [""DenyPath .+""]}]";26
183;com.digitalpebble.stormcrawler.parse.filter.XPathFilter;XPathFilter;"{""canonical"":""//*[@rel=\""canonical\""]/@href"",""parse.description"":[""//*[@name=\""description\""]/@content"",""//*[@name=\""Description\""]/@content""],""parse.title"":[""//TITLE"",""//META[@name=\""title\""]/@content""],""parse.keywords"":""//META[@name=\""keywords\""]/@content""}";27
184;com.digitalpebble.stormcrawler.filtering.basic.BasicURLFilter;BasicURLFilter;"{""maxPathRepetition"": 3,""maxLength"": 1024}";27
185;com.digitalpebble.stormcrawler.filtering.depth.MaxDepthFilter;MaxDepthFilter;"{""maxDepth"": -1}";27
186;com.digitalpebble.stormcrawler.filtering.basic.BasicURLNormalizer;BasicURLNormalizer;"{""removeAnchorPart"": true,""unmangleQueryString"": false,""checkValidURI"": true}";27
187;com.digitalpebble.stormcrawler.filtering.host.HostURLFilter;HostURLFilter;"{""ignoreOutsideHost"": true,""ignoreOutsideDomain"": false}";27
188;com.digitalpebble.stormcrawler.filtering.regex.RegexURLFilter;RegexURLFilter;"{""urlFilters"": [""# very time-consuming : use BasicURLFilter instead"",""# -.*(/[^/]+)/[^/]+\\1/[^/]+\\1/"",""# accept anything else# +.""]}";27
189;com.digitalpebble.stormcrawler.filtering.regex.FastURLFilter;FastURLFilter;"[{""scope"": ""GLOBAL"",""patterns"": [""DenyPathQuery \\.jpg""]},{""scope"": ""domain:stormcrawler.net"",""patterns"": [""AllowPath /digitalpebble/"",""DenyPath .+""]},{""scope"": ""metadata:key=value"",""patterns"": [""DenyPath .+""]}]";27
190;com.digitalpebble.stormcrawler.parse.filter.XPathFilter;XPathFilter;"{""canonical"":""//*[@rel=\""canonical\""]/@href"",""parse.description"":[""//*[@name=\""description\""]/@content"",""//*[@name=\""Description\""]/@content""],""parse.title"":[""//TITLE"",""//META[@name=\""title\""]/@content""],""parse.keywords"":""//META[@name=\""keywords\""]/@content""}";28
191;com.digitalpebble.stormcrawler.filtering.basic.BasicURLFilter;BasicURLFilter;"{""maxPathRepetition"": 3,""maxLength"": 1024}";28
192;com.digitalpebble.stormcrawler.filtering.depth.MaxDepthFilter;MaxDepthFilter;"{""maxDepth"": -1}";28
193;com.digitalpebble.stormcrawler.filtering.basic.BasicURLNormalizer;BasicURLNormalizer;"{""removeAnchorPart"": true,""unmangleQueryString"": false,""checkValidURI"": true}";28
194;com.digitalpebble.stormcrawler.filtering.host.HostURLFilter;HostURLFilter;"{""ignoreOutsideHost"": true,""ignoreOutsideDomain"": false}";28
195;com.digitalpebble.stormcrawler.filtering.regex.RegexURLFilter;RegexURLFilter;"{""urlFilters"": [""# very time-consuming : use BasicURLFilter instead"",""# -.*(/[^/]+)/[^/]+\\1/[^/]+\\1/"",""# accept anything else# +.""]}";28
196;com.digitalpebble.stormcrawler.filtering.regex.FastURLFilter;FastURLFilter;"[{""scope"": ""GLOBAL"",""patterns"": [""DenyPathQuery \\.jpg""]},{""scope"": ""domain:stormcrawler.net"",""patterns"": [""AllowPath /digitalpebble/"",""DenyPath .+""]},{""scope"": ""metadata:key=value"",""patterns"": [""DenyPath .+""]}]";28
197;com.digitalpebble.stormcrawler.parse.filter.XPathFilter;XPathFilter;"{""canonical"":""//*[@rel=\""canonical\""]/@href"",""parse.description"":[""//*[@name=\""description\""]/@content"",""//*[@name=\""Description\""]/@content""],""parse.title"":[""//TITLE"",""//META[@name=\""title\""]/@content""],""parse.keywords"":""//META[@name=\""keywords\""]/@content""}";29
198;com.digitalpebble.stormcrawler.filtering.basic.BasicURLFilter;BasicURLFilter;"{""maxPathRepetition"": 3,""maxLength"": 1024}";29
199;com.digitalpebble.stormcrawler.filtering.depth.MaxDepthFilter;MaxDepthFilter;"{""maxDepth"": -1}";29
200;com.digitalpebble.stormcrawler.filtering.basic.BasicURLNormalizer;BasicURLNormalizer;"{""removeAnchorPart"": true,""unmangleQueryString"": false,""checkValidURI"": true}";29
201;com.digitalpebble.stormcrawler.filtering.host.HostURLFilter;HostURLFilter;"{""ignoreOutsideHost"": true,""ignoreOutsideDomain"": false}";29
202;com.digitalpebble.stormcrawler.filtering.regex.RegexURLFilter;RegexURLFilter;"{""urlFilters"": [""# very time-consuming : use BasicURLFilter instead"",""# -.*(/[^/]+)/[^/]+\\1/[^/]+\\1/"",""# accept anything else# +.""]}";29
203;com.digitalpebble.stormcrawler.filtering.regex.FastURLFilter;FastURLFilter;"[{""scope"": ""GLOBAL"",""patterns"": [""DenyPathQuery \\.jpg""]},{""scope"": ""domain:stormcrawler.net"",""patterns"": [""AllowPath /digitalpebble/"",""DenyPath .+""]},{""scope"": ""metadata:key=value"",""patterns"": [""DenyPath .+""]}]";29
204;com.digitalpebble.stormcrawler.parse.filter.XPathFilter;XPathFilter;"{""canonical"":""//*[@rel=\""canonical\""]/@href"",""parse.description"":[""//*[@name=\""description\""]/@content"",""//*[@name=\""Description\""]/@content""],""parse.title"":[""//TITLE"",""//META[@name=\""title\""]/@content""],""parse.keywords"":""//META[@name=\""keywords\""]/@content""}";30
205;com.digitalpebble.stormcrawler.filtering.basic.BasicURLFilter;BasicURLFilter;"{""maxPathRepetition"": 3,""maxLength"": 1024}";30
206;com.digitalpebble.stormcrawler.filtering.depth.MaxDepthFilter;MaxDepthFilter;"{""maxDepth"": -1}";30
207;com.digitalpebble.stormcrawler.filtering.basic.BasicURLNormalizer;BasicURLNormalizer;"{""removeAnchorPart"": true,""unmangleQueryString"": false,""checkValidURI"": true}";30
208;com.digitalpebble.stormcrawler.filtering.host.HostURLFilter;HostURLFilter;"{""ignoreOutsideHost"": true,""ignoreOutsideDomain"": false}";30
209;com.digitalpebble.stormcrawler.filtering.regex.RegexURLFilter;RegexURLFilter;"{""urlFilters"": [""# very time-consuming : use BasicURLFilter instead"",""# -.*(/[^/]+)/[^/]+\\1/[^/]+\\1/"",""# accept anything else# +.""]}";30
210;com.digitalpebble.stormcrawler.filtering.regex.FastURLFilter;FastURLFilter;"[{""scope"": ""GLOBAL"",""patterns"": [""DenyPathQuery \\.jpg""]},{""scope"": ""domain:stormcrawler.net"",""patterns"": [""AllowPath /digitalpebble/"",""DenyPath .+""]},{""scope"": ""metadata:key=value"",""patterns"": [""DenyPath .+""]}]";30
